{
  "row_numbers": [
    {
      "name": "ESC",
      "cmd": "~~~CTRLSEQ1~~~"
    },
    {
      "name": "0",
      "cmd": "0",
      "shift_name": "§",
      "shift_cmd": "§"
    },
    {
      "name": "1",
      "cmd": "1",
      "shift_name": "'",
      "shift_cmd": "'",
      "alt_cmd": "~~~CTRLSEQ1~~~1",
      "fn_name": "F1",
      "fn_cmd": "~~~CTRLSEQ1~~~OP"
    },
    {
      "name": "2",
      "cmd": "2",
      "shift_name": "\"",
      "shift_cmd": "\"",
      "alt_cmd": "~~~CTRLSEQ1~~~2",
      "fn_name": "F2",
      "fn_cmd": "~~~CTRLSEQ1~~~OQ"
    },
    {
      "name": "3",
      "cmd": "3",
      "shift_name": "+",
      "shift_cmd": "+",
      "ctrl_cmd": "~~~CTRLSEQ1~~~",
      "alt_cmd": "~~~CTRLSEQ1~~~3",
      "fn_name": "F3",
      "fn_cmd": "~~~CTRLSEQ1~~~OR"
    },
    {
      "name": "4",
      "cmd": "4",
      "shift_name": "!",
      "shift_cmd": "!",
      "ctrl_cmd": "~~~CTRLSEQ2~~~",
      "alt_cmd": "~~~CTRLSEQ1~~~4",
      "fn_name": "F4",
      "fn_cmd": "~~~CTRLSEQ1~~~OS"
    },
    {
      "name": "5",
      "cmd": "5",
      "shift_name": "%",
      "shift_cmd": "%",
      "ctrl_cmd": "~~~CTRLSEQ3~~~",
      "alt_cmd": "~~~CTRLSEQ1~~~5",
      "fn_name": "F5",
      "fn_cmd": "~~~CTRLSEQ1~~~[15~"
    },
    {
      "name": "6",
      "cmd": "6",
      "shift_name": "/",
      "shift_cmd": "/",
      "ctrl_cmd": "~~~CTRLSEQ4~~~",
      "alt_cmd": "~~~CTRLSEQ1~~~6",
      "fn_name": "F6",
      "fn_cmd": "~~~CTRLSEQ1~~~[17~"
    },
    {
      "name": "7",
      "cmd": "7",
      "shift_name": "=",
      "shift_cmd": "=",
      "ctrl_cmd": "~~~CTRLSEQ5~~~",
      "fn_name": "F7",
      "fn_cmd": "~~~CTRLSEQ1~~~[18~"
    },
    {
      "name": "8",
      "cmd": "8",
      "shift_name": "(",
      "shift_cmd": "(",
      "ctrl_cmd": "\r",
      "fn_name": "F8",
      "fn_cmd": "~~~CTRLSEQ1~~~[19~"
    },
    {
      "name": "9",
      "cmd": "9",
      "shift_name": ")",
      "shift_cmd": ")",
      "alt_cmd": "~~~CTRLSEQ1~~~9",
      "fn_name": "F9",
      "fn_cmd": "~~~CTRLSEQ1~~~[20~"
    },
    {
      "name": "Ö",
      "cmd": "ö",
      "shift_cmd": "Ö",
      "alt_cmd": "~~~CTRLSEQ1~~~0",
      "fn_name": "F10",
      "fn_cmd": "~~~CTRLSEQ1~~~[21~"
    },
    {
      "name": "Ü",
      "cmd": "ü",
      "shift_cmd": "Ü",
      "fn_name": "F11",
      "fn_cmd": "~~~CTRLSEQ1~~~[23~"
    },
    {
      "name": "Ó",
      "cmd": "ó",
      "shift_cmd": "Ó",
      "fn_name": "F12",
      "fn_cmd": "~~~CTRLSEQ1~~~[24~"
    },
    {
      "name": "BACK",
      "cmd": "\b",
      "shift_name": "DELETE",
      "shift_cmd": "~~~CTRLSEQ1~~~[3~"
    }
  ],
  "row_1": [
    {
      "name": "TAB",
      "cmd": "\t"
    },
    {
      "name": "Q",
      "cmd": "q",
      "shift_cmd": "Q",
      "alt_cmd": "~~~CTRLSEQ1~~~q",
      "alt_name": "\\",
      "ctrl_cmd": "~~~CTRLSEQ6~~~"
    },
    {
      "name": "W",
      "cmd": "w",
      "shift_cmd": "W",
      "alt_cmd": "~~~CTRLSEQ1~~~w",
      "alt_name": "|",
      "ctrl_cmd": "~~~CTRLSEQ7~~~"
    },
    {
      "name": "E",
      "cmd": "e",
      "shift_cmd": "E",
      "ctrl_cmd": "\r",
      "alt_cmd": "~~~CTRLSEQ1~~~e"
    },
    {
      "name": "R",
      "cmd": "r",
      "shift_cmd": "R",
      "ctrl_cmd": "~~~CTRLSEQ8~~~",
      "alt_cmd": "~~~CTRLSEQ1~~~r"
    },
    {
      "name": "T",
      "cmd": "t",
      "shift_cmd": "T",
      "ctrl_cmd": "~~~CTRLSEQ9~~~",
      "alt_cmd": "~~~CTRLSEQ1~~~t"
    },
    {
      "name": "Z",
      "cmd": "z",
      "shift_cmd": "Z",
      "ctrl_cmd": "~~~CTRLSEQ10~~~",
      "alt_cmd": "~~~CTRLSEQ1~~~z"
    },
    {
      "name": "U",
      "cmd": "u",
      "shift_cmd": "U",
      "ctrl_cmd": "~~~CTRLSEQ11~~~",
      "alt_cmd": "~~~CTRLSEQ1~~~u"
    },
    {
      "name": "I",
      "cmd": "i",
      "shift_cmd": "I",
      "ctrl_cmd": "\r",
      "alt_cmd": "~~~CTRLSEQ1~~~i"
    },
    {
      "name": "O",
      "cmd": "o",
      "shift_cmd": "O",
      "alt_cmd": "~~~CTRLSEQ1~~~o"
    },
    {
      "name": "P",
      "cmd": "p",
      "shift_cmd": "P",
      "ctrl_cmd": "~~~CTRLSEQ12~~~",
      "alt_cmd": "~~~CTRLSEQ1~~~p"
    },
    {
      "name": "Ő",
      "cmd": "ő",
      "shift_cmd": "Ő",
      "ctrl_cmd": "~~~CTRLSEQ1~~~"
    },
    {
      "name": "Ú",
      "cmd": "ú",
      "shift_cmd": "Ú",
      "ctrl_cmd": "~~~CTRLSEQ3~~~"
    },
    {
      "name": "ENTER",
      "cmd": "\r"
    }
  ],
  "row_2": [
    {
      "name": "CAPS",
      "cmd": "ESCAPED|-- CAPSLCK: ON",
      "shift_cmd": "ESCAPED|-- CAPSLCK: OFF"
    },
    {
      "name": "A",
      "cmd": "a",
      "shift_cmd": "A",
      "ctrl_cmd": "~~~CTRLSEQ13~~~",
      "alt_cmd": "~~~CTRLSEQ1~~~a"
    },
    {
      "name": "S",
      "cmd": "s",
      "shift_cmd": "S",
      "ctrl_cmd": "~~~CTRLSEQ14~~~",
      "alt_cmd": "~~~CTRLSEQ1~~~s"
    },
    {
      "name": "D",
      "cmd": "d",
      "shift_cmd": "D",
      "ctrl_cmd": "~~~CTRLSEQ15~~~",
      "alt_cmd": "~~~CTRLSEQ1~~~d"
    },
    {
      "name": "F",
      "cmd": "f",
      "shift_cmd": "F",
      "alt_cmd": "~~~CTRLSEQ1~~~f",
      "alt_name": "[",
      "ctrl_cmd": "~~~CTRLSEQ16~~~"
    },
    {
      "name": "G",
      "cmd": "g",
      "shift_cmd": "G",
      "alt_cmd": "~~~CTRLSEQ1~~~g",
      "alt_name": "]",
      "ctrl_cmd": "\r"
    },
    {
      "name": "H",
      "cmd": "h",
      "shift_cmd": "H",
      "alt_cmd": "~~~CTRLSEQ1~~~h"
    },
    {
      "name": "J",
      "cmd": "j",
      "shift_cmd": "J",
      "alt_cmd": "~~~CTRLSEQ1~~~j"
    },
    {
      "name": "K",
      "cmd": "k",
      "shift_cmd": "K",
      "alt_cmd": "~~~CTRLSEQ1~~~k"
    },
    {
      "name": "L",
      "cmd": "l",
      "shift_cmd": "L",
      "alt_cmd": "~~~CTRLSEQ1~~~l"
    },
    {
      "name": "É",
      "cmd": "é",
      "shift_cmd": "É"
    },
    {
      "name": "Á",
      "cmd": "á",
      "shift_cmd": "Á"
    },
    {
      "name": "Ű",
      "cmd": "ű",
      "shift_cmd": "Ű",
      "ctrl_cmd": "~~~CTRLSEQ2~~~"
    },
    {
      "name": "",
      "cmd": "\r"
    }
  ],
  "row_3": [
    {
      "name": "SHIFT",
      "cmd": "ESCAPED|-- SHIFT: LEFT"
    },
    {
      "name": "Í",
      "cmd": "í",
      "shift_cmd": "Í",
      "alt_cmd": "<",
      "alt_name": "<",
      "ctrl_cmd": "~~~CTRLSEQ2~~~"
    },
    {
      "name": "Y",
      "cmd": "y",
      "shift_cmd": "Y",
      "alt_cmd": "~~~CTRLSEQ1~~~y",
      "alt_name": ">",
      "ctrl_cmd": "~~~CTRLSEQ17~~~"
    },
    {
      "name": "X",
      "cmd": "x",
      "shift_cmd": "X",
      "alt_cmd": "~~~CTRLSEQ1~~~x",
      "alt_name": "#",
      "ctrl_cmd": "~~~CTRLSEQ18~~~"
    },
    {
      "name": "C",
      "cmd": "c",
      "shift_cmd": "C",
      "alt_cmd": "~~~CTRLSEQ1~~~c",
      "alt_name": "&",
      "ctrl_cmd": "~~~CTRLSEQ19~~~"
    },
    {
      "name": "V",
      "cmd": "v",
      "shift_cmd": "V",
      "alt_cmd": "~~~CTRLSEQ1~~~v",
      "alt_name": "@",
      "ctrl_cmd": "~~~CTRLSEQ20~~~"
    },
    {
      "name": "B",
      "cmd": "b",
      "shift_cmd": "B",
      "alt_cmd": "~~~CTRLSEQ1~~~b",
      "alt_name": "{",
      "ctrl_cmd": "~~~CTRLSEQ21~~~"
    },
    {
      "name": "N",
      "cmd": "n",
      "shift_cmd": "N",
      "alt_cmd": "~~~CTRLSEQ1~~~n",
      "alt_name": "}"
    },
    {
      "name": "M",
      "cmd": "m",
      "shift_cmd": "M",
      "ctrl_cmd": "\r",
      "alt_cmd": "~~~CTRLSEQ1~~~m"
    },
    {
      "name": ",",
      "cmd": ",",
      "shift_name": "?",
      "shift_cmd": "?",
      "alt_cmd": ";",
      "alt_name": ";"
    },
    {
      "name": ".",
      "cmd": ".",
      "shift_name": ":",
      "shift_cmd": ":"
    },
    {
      "name": "-",
      "cmd": "-",
      "shift_name": "_",
      "shift_cmd": "_",
      "alt_cmd": "*",
      "alt_name": "*"
    },
    {
      "name": "SHIFT",
      "cmd": "ESCAPED|-- SHIFT: RIGHT"
    },
    {
      "name": "ESCAPED|-- ICON: ARROW_UP",
      "cmd": "~~~CTRLSEQ1~~~OA"
    }
  ],
  "row_space": [
    {
      "name": "CTRL",
      "cmd": "ESCAPED|-- CTRL: LEFT"
    },
    {
      "name": "FN",
      "cmd": "ESCAPED|-- FN: ON",
      "fn_cmd": "ESCAPED|-- FN: OFF"
    },
    {
      "name": "",
      "cmd": " "
    },
    {
      "name": "ALT GR",
      "cmd": "ESCAPED|-- ALT: RIGHT"
    },
    {
      "name": "CTRL",
      "cmd": "ESCAPED|-- CTRL: RIGHT"
    },
    {
      "name": "ESCAPED|-- ICON: ARROW_LEFT",
      "cmd": "~~~CTRLSEQ1~~~OD"
    },
    {
      "name": "ESCAPED|-- ICON: ARROW_DOWN",
      "cmd": "~~~CTRLSEQ1~~~OB"
    },
    {
      "name": "ESCAPED|-- ICON: ARROW_RIGHT",
      "cmd": "~~~CTRLSEQ1~~~OC"
    }
  ]
}
